year/week,AMAZONAS-CO,ANTIOQUIA-CO,ARAUCA-CO,ATLÁNTICO-CO,BOGOTÁ-CO,BOLÍVAR-CO,BOYACÁ-CO,CALDAS-CO,CAQUETÁ-CO,CASANARE-CO,CAUCA-CO,CESAR-CO,CHOCÓ-CO,CÓRDOBA-CO,CUNDINAMARCA-CO,GUAINÍA-CO,GUAVIARE-CO,HUILA-CO,LAGUAJIRA-CO,MAGDALENA-CO,META-CO,NARIÑO-CO,NORSANTANDER-CO,PUTUMAYO-CO,QUINDIO-CO,RISARALDA-CO,SANANDRÉS-CO,SANTANDER-CO,SUCRE-CO,TOLIMA-CO,VALLE-CO,VAUPÉS-CO,VICHADA-CO
1/2/2005,0,13,5,13,13,8,2,13,5,25,0,4,0,1,39,8,1,113,1,0,5,0,22,0,58,0,0,50,11,20,63,0,0
1/9/2005,0,10,3,8,19,12,6,5,16,24,3,5,0,3,38,24,4,103,2,0,22,0,8,0,35,18,0,36,2,15,41,0,0
1/16/2005,0,28,4,9,38,10,5,5,14,42,1,2,0,5,51,26,5,98,1,5,19,0,16,0,41,37,0,40,8,36,69,0,0
1/23/2005,0,13,11,11,39,18,4,8,27,44,1,10,2,5,45,24,6,108,0,3,19,1,13,3,38,22,0,61,12,7,65,0,0
1/30/2005,0,29,2,0,18,9,3,16,14,46,0,9,10,3,45,21,5,50,1,3,50,1,17,0,42,30,0,46,11,16,58,0,0
2/6/2005,0,31,8,6,19,5,2,2,5,65,1,3,1,5,37,3,6,66,2,1,48,4,13,0,34,29,0,45,11,65,55,0,0
2/13/2005,0,24,8,6,7,5,2,7,8,67,0,7,4,5,47,10,24,87,2,4,51,0,18,5,56,34,0,29,7,33,50,0,0
2/20/2005,0,21,11,6,8,5,3,2,14,80,0,10,7,3,41,14,21,75,0,13,42,0,16,4,30,27,0,33,12,29,53,0,0
2/27/2005,0,15,5,4,9,8,6,9,12,53,0,5,1,3,53,17,21,66,1,1,69,0,11,0,31,29,0,30,4,17,60,0,0
3/6/2005,0,20,13,7,10,4,1,2,16,84,3,8,3,4,39,5,7,72,1,6,58,1,9,6,52,31,0,26,3,49,51,0,0
3/13/2005,0,18,16,3,5,3,6,2,18,59,6,0,0,1,30,7,11,74,0,1,61,1,10,8,44,56,0,22,7,31,58,0,0
3/20/2005,0,13,8,5,5,1,2,6,7,24,0,7,3,3,36,4,7,53,1,2,41,1,7,4,55,20,0,16,8,43,39,0,0
3/27/2005,0,21,7,6,17,4,8,4,9,72,4,5,5,5,37,4,4,48,3,0,57,2,11,4,52,34,0,25,5,58,60,0,1
4/3/2005,0,20,11,9,22,4,4,14,21,48,3,6,6,4,27,4,0,55,0,0,68,1,11,13,73,53,0,44,7,56,67,0,0
4/10/2005,0,38,3,4,21,2,3,7,22,43,3,7,7,0,38,0,10,54,1,3,97,2,20,2,66,57,0,58,9,48,65,0,0
4/17/2005,0,9,13,4,4,1,8,6,22,81,0,6,8,3,35,3,12,58,0,12,72,1,8,4,77,32,0,37,25,62,62,0,0
4/24/2005,0,33,37,5,11,5,5,10,28,129,1,7,7,2,29,2,2,66,0,0,92,0,6,7,104,23,0,41,7,50,55,0,0
5/1/2005,0,34,37,8,7,2,7,10,11,156,0,8,5,4,41,3,8,45,0,1,144,3,10,7,49,53,0,52,7,50,59,0,0
5/8/2005,0,29,29,5,16,3,2,7,20,132,0,20,5,10,39,0,2,39,1,1,133,0,7,6,110,68,0,78,8,66,72,1,0
5/15/2005,0,26,33,3,6,5,6,10,20,123,0,19,16,10,26,4,12,48,1,2,171,0,15,7,91,75,0,96,11,85,90,0,0
5/22/2005,0,16,44,9,14,3,0,7,15,106,0,23,10,2,26,1,9,29,2,5,171,0,15,9,114,57,0,117,13,70,84,0,0
5/29/2005,0,18,71,4,10,3,3,9,18,79,0,49,9,3,35,0,6,17,4,7,122,1,12,8,71,68,0,137,7,35,70,0,0
6/5/2005,0,24,49,6,7,3,3,7,17,93,0,24,11,14,33,0,2,29,1,1,167,1,3,6,87,78,0,142,9,55,94,0,0
6/12/2005,0,22,52,14,11,7,10,10,14,75,0,41,2,11,38,0,4,23,2,4,129,1,11,1,96,39,0,136,17,57,96,0,0
6/19/2005,0,35,74,31,16,8,7,8,18,82,0,56,5,13,23,0,5,14,0,5,124,5,14,1,111,92,0,180,13,76,138,0,0
6/26/2005,0,19,42,18,13,15,26,16,4,45,1,76,7,12,15,1,3,15,2,6,92,1,14,1,72,38,0,146,12,45,118,0,1
7/3/2005,0,27,25,12,12,28,1,9,12,36,1,70,6,11,29,2,9,13,8,9,133,0,23,0,58,80,0,106,23,65,139,0,1
7/10/2005,0,23,15,18,35,20,6,8,12,45,2,43,8,22,29,2,2,34,10,6,106,1,18,2,81,56,2,159,19,79,199,0,0
7/17/2005,0,21,30,20,33,21,5,11,9,44,2,53,8,24,33,1,1,19,9,7,79,2,13,1,85,84,2,139,28,87,159,0,0
7/24/2005,0,30,37,23,33,25,4,14,12,40,0,80,12,19,36,2,1,21,7,13,73,1,27,1,89,108,0,125,36,64,144,0,0
7/31/2005,0,18,20,18,8,22,8,2,11,44,0,56,3,18,26,2,0,18,8,31,72,1,12,0,125,107,0,141,33,81,147,0,1
8/7/2005,0,30,14,24,18,16,10,4,8,30,0,52,22,29,41,1,1,35,6,11,73,0,14,2,133,97,0,125,21,72,131,0,2
8/14/2005,0,34,11,23,10,19,2,8,9,19,0,39,5,13,36,2,0,30,9,9,52,4,20,1,112,99,0,128,27,67,146,1,1
8/21/2005,0,34,11,22,12,16,14,2,4,18,0,50,17,11,34,2,2,30,8,13,55,0,10,1,109,78,0,142,34,67,104,0,0
8/28/2005,0,45,19,35,4,19,8,7,6,20,0,62,7,12,42,0,4,21,4,13,89,1,5,1,155,107,3,175,35,87,116,0,0
9/4/2005,0,38,15,40,10,22,4,4,6,17,0,61,6,22,37,0,1,20,3,16,42,0,18,0,148,97,6,169,48,107,111,0,0
9/11/2005,0,47,18,31,9,22,6,2,9,20,0,56,0,8,52,0,3,17,4,13,47,1,25,0,190,77,1,142,31,64,114,0,0
9/18/2005,0,42,14,28,9,9,2,5,4,18,0,42,13,23,45,1,2,21,4,19,49,2,29,2,201,113,4,184,64,34,121,0,0
9/25/2005,0,39,26,35,14,35,14,6,14,11,1,54,13,39,46,0,4,12,0,15,46,2,22,2,174,80,0,165,49,139,122,0,0
10/2/2005,0,47,17,17,8,17,4,1,2,21,0,57,8,29,46,1,1,14,2,24,73,1,22,1,159,126,3,144,68,165,89,0,0
10/9/2005,0,35,19,18,8,27,3,3,5,11,0,68,0,34,58,0,2,11,4,30,45,0,9,0,160,124,3,137,53,121,86,0,0
10/16/2005,0,26,25,39,6,26,8,0,7,9,2,76,2,24,46,0,1,16,2,41,48,0,22,3,167,124,5,158,47,102,99,0,0
10/23/2005,0,28,25,50,12,16,7,1,7,8,0,57,13,20,39,0,0,12,4,54,35,0,24,0,94,102,0,189,70,167,51,0,0
10/30/2005,0,35,24,59,7,16,1,6,6,11,0,10,0,19,28,0,0,17,7,28,35,1,21,3,36,1,1,191,50,129,60,0,0
11/6/2005,0,24,24,38,4,15,4,2,6,13,0,43,3,36,33,0,0,32,7,46,29,0,20,3,22,1,0,190,75,22,43,0,0
11/13/2005,0,48,29,65,5,20,2,1,3,17,0,34,3,16,38,0,0,31,10,44,48,0,10,4,30,2,2,150,53,18,50,0,0
11/20/2005,0,35,20,69,9,25,6,3,6,14,0,42,4,31,32,0,0,25,13,25,40,0,17,3,32,51,1,162,56,5,64,0,0
11/27/2005,0,44,16,119,5,15,7,1,0,24,0,42,0,16,27,0,0,29,14,20,28,1,17,4,62,70,0,180,62,2,73,0,0
12/4/2005,0,34,9,96,13,5,9,2,15,8,1,44,1,5,23,0,0,21,13,27,20,1,26,3,47,36,0,120,34,0,48,0,0
12/11/2005,0,25,7,3,9,11,9,3,5,10,0,8,0,24,17,0,0,31,7,42,36,0,9,3,17,46,0,151,40,0,49,0,0
12/18/2005,0,16,12,107,3,14,9,6,17,10,0,13,0,7,24,0,6,30,5,49,37,0,11,6,61,51,0,148,0,0,50,0,0
12/25/2005,0,21,19,114,14,0,13,0,12,8,0,9,0,16,28,1,1,39,10,46,33,1,14,6,33,31,0,154,43,0,64,0,0
1/1/2006,0,21,14,46,15,6,6,6,11,6,0,9,0,19,25,0,12,27,6,27,0,0,0,5,54,20,0,163,38,0,42,0,0
1/8/2006,0,24,10,5,39,7,4,8,14,22,0,20,0,12,31,0,9,30,9,29,16,0,0,4,35,23,0,120,56,0,42,0,0
1/15/2006,0,31,14,43,55,2,9,3,27,15,0,14,0,20,30,0,0,38,4,19,18,0,12,2,40,70,0,144,65,0,50,0,0
1/22/2006,0,29,12,56,44,3,6,16,25,21,0,13,0,32,28,0,0,51,7,37,11,1,10,2,44,46,0,138,52,0,56,0,0
1/29/2006,0,30,26,46,40,0,6,13,15,31,2,15,6,26,36,1,0,83,6,26,49,0,15,1,51,16,0,133,38,1,53,0,0
2/5/2006,0,29,19,34,18,14,8,11,59,92,3,20,0,27,45,1,0,43,5,17,26,1,19,2,39,23,1,147,63,0,41,0,7
2/12/2006,0,28,12,52,12,2,7,10,49,182,4,10,0,23,35,0,9,70,3,35,66,0,46,2,22,19,0,128,64,0,31,0,4
2/19/2006,0,38,19,16,13,4,15,13,35,179,2,19,1,16,51,3,18,74,8,7,35,0,46,3,47,19,0,166,109,0,48,0,4
2/26/2006,0,33,17,10,12,0,13,9,18,76,7,14,4,39,45,5,19,45,3,21,13,3,66,12,50,39,0,127,94,0,68,0,1
3/5/2006,0,43,13,19,12,2,6,15,7,84,2,8,0,25,48,0,15,55,0,16,31,0,60,10,22,16,0,102,78,0,55,0,0
3/12/2006,0,23,23,18,21,0,13,19,18,79,3,7,0,22,41,0,0,48,0,3,30,0,42,11,28,25,0,119,56,0,21,0,2
3/19/2006,0,27,16,20,9,5,9,9,29,43,7,13,1,25,51,0,7,39,1,14,23,2,57,6,21,22,0,124,63,3,46,0,0
3/26/2006,0,48,32,18,9,2,18,18,9,29,0,9,4,34,47,0,0,39,0,9,26,0,31,18,22,26,2,128,47,0,41,0,0
4/2/2006,0,39,29,5,7,0,10,9,0,27,1,6,0,19,18,0,1,31,0,5,21,0,33,8,25,8,0,44,43,0,22,0,2
4/9/2006,0,14,33,6,11,2,6,12,3,23,1,10,2,15,29,0,13,36,0,4,12,1,69,2,18,26,0,129,47,0,27,2,0
4/16/2006,0,35,39,30,12,1,13,27,0,23,5,13,4,29,34,0,14,50,1,3,40,1,54,9,28,29,0,139,46,0,53,0,0
4/23/2006,0,28,54,20,11,9,11,15,10,25,2,8,0,13,27,0,25,49,0,6,23,0,24,5,37,36,0,97,45,0,27,0,0
4/30/2006,0,40,47,12,19,5,5,10,9,22,4,9,6,25,14,0,41,25,1,1,38,1,64,2,0,48,0,151,25,0,38,0,0
5/7/2006,0,5,41,17,17,3,5,15,8,32,4,14,2,29,22,2,55,33,0,4,36,0,54,12,0,48,0,141,49,0,52,0,2
5/14/2006,0,41,38,11,9,7,7,11,4,38,8,11,0,30,19,3,14,42,0,1,52,1,101,16,0,34,0,117,55,0,38,0,3
5/21/2006,0,40,39,18,10,6,9,11,0,38,0,19,2,14,19,4,13,22,3,7,26,2,49,8,23,25,0,170,71,0,48,0,0
5/28/2006,0,16,36,12,1,6,9,14,0,49,5,13,0,45,29,0,19,28,3,13,23,0,88,11,29,34,0,159,57,0,44,0,1
6/4/2006,0,30,46,26,7,11,11,9,0,40,0,15,3,29,15,2,15,29,1,3,29,0,110,4,26,18,0,150,72,0,29,0,0
6/11/2006,0,40,44,12,7,5,6,11,0,51,1,32,0,34,19,0,10,27,0,2,25,0,115,5,25,21,0,186,93,0,22,0,0
6/18/2006,0,34,28,27,6,6,8,17,0,61,1,36,5,51,21,3,6,39,0,0,14,0,138,6,22,16,0,170,78,0,33,0,2
6/25/2006,0,27,45,66,9,6,3,2,0,54,1,15,0,54,15,1,3,25,0,1,12,0,135,5,16,17,0,162,61,0,6,0,2
7/2/2006,0,43,35,50,6,12,4,9,0,40,4,25,3,46,21,0,13,47,0,1,17,0,134,1,24,22,5,206,77,1,40,0,2
7/9/2006,0,46,36,36,15,12,7,8,0,40,2,31,5,46,21,0,9,38,0,0,18,0,157,4,25,45,5,190,57,1,28,0,1
7/16/2006,0,58,27,59,18,6,6,15,0,48,1,25,1,50,13,0,5,45,0,5,16,1,122,3,17,36,3,151,38,0,24,0,1
7/23/2006,0,54,21,43,9,7,4,9,0,31,3,21,7,54,12,1,1,25,0,7,20,0,153,3,22,17,1,151,69,0,16,0,11
7/30/2006,0,41,28,17,6,12,3,7,15,49,10,32,0,42,14,2,15,14,0,19,21,3,141,2,21,47,0,135,46,1,21,0,20
8/6/2006,0,55,9,46,7,7,1,5,4,46,2,23,4,50,18,1,3,36,1,5,24,0,122,3,18,41,0,185,26,1,30,0,22
8/13/2006,0,40,13,36,4,0,3,7,11,43,1,18,4,55,18,0,12,50,0,3,22,0,174,2,21,41,0,182,19,0,34,0,46
8/20/2006,0,60,8,28,6,8,1,9,13,22,2,35,2,43,11,1,6,26,0,6,10,2,124,4,20,27,0,200,22,0,21,0,50
8/27/2006,0,53,7,38,3,9,3,12,2,58,0,30,8,53,18,0,3,44,0,2,8,0,139,4,27,27,0,169,20,1,12,0,25
9/3/2006,0,39,8,51,10,12,4,8,6,34,0,21,9,36,13,0,0,56,0,2,7,0,160,1,28,30,0,141,12,0,17,0,17
9/10/2006,0,44,6,66,5,11,2,11,2,23,0,30,0,35,18,1,0,57,0,2,10,0,185,4,25,17,1,137,18,0,5,0,10
9/17/2006,0,58,5,12,7,12,4,15,6,20,0,52,7,36,19,0,1,46,0,0,14,1,244,3,32,43,0,159,18,0,18,0,3
9/24/2006,0,53,4,43,5,8,8,16,1,24,0,43,2,13,20,0,0,49,0,1,16,0,280,4,21,17,3,169,31,0,23,0,3
10/1/2006,0,57,4,20,6,7,10,17,8,23,0,37,11,25,19,3,0,83,0,0,21,0,196,4,46,23,0,138,30,0,35,0,5
10/8/2006,0,81,8,63,7,4,0,0,13,46,0,17,5,25,32,0,0,79,0,3,22,0,150,3,38,25,5,149,20,0,23,0,4
10/15/2006,0,55,3,54,18,7,0,32,13,34,1,39,3,21,16,1,1,68,2,0,24,0,130,6,56,27,0,125,22,0,32,0,0
10/22/2006,0,79,5,45,7,15,5,9,22,27,1,24,11,13,32,1,1,92,0,4,25,0,162,8,48,35,0,117,14,0,48,0,2
10/29/2006,0,59,1,29,6,10,0,25,10,15,0,28,3,10,13,1,0,59,1,1,16,0,131,8,73,28,6,124,30,0,37,0,0
11/5/2006,0,77,5,9,6,5,3,18,8,15,0,25,1,25,22,0,1,84,0,2,13,0,103,6,74,28,1,80,21,0,26,0,1
11/12/2006,0,119,6,74,11,19,11,29,14,22,3,37,6,29,31,1,0,78,3,4,13,0,156,5,77,35,2,81,25,0,30,0,0
11/19/2006,0,53,2,48,8,11,6,19,7,17,0,43,3,12,16,0,0,64,0,1,15,2,57,4,80,41,0,84,17,0,35,0,0
11/26/2006,0,65,1,40,4,7,1,10,12,9,0,33,1,8,12,0,0,62,0,2,18,0,93,2,46,30,0,67,18,0,21,0,0
12/3/2006,0,73,2,70,5,3,3,15,12,7,0,44,2,7,15,0,2,15,0,1,10,0,103,2,53,39,1,98,32,0,38,0,5
12/10/2006,0,61,2,62,5,3,3,15,7,12,0,30,21,11,10,1,3,54,1,8,26,0,113,1,46,31,0,80,25,0,35,0,0
12/17/2006,0,49,4,6,9,7,2,3,10,7,0,27,2,6,11,2,0,80,0,5,7,0,91,2,46,14,0,72,32,0,25,0,0
12/24/2006,0,45,0,32,6,0,4,2,6,10,1,9,0,12,5,0,0,83,0,2,21,0,120,2,39,23,0,17,20,0,31,0,0
12/31/2006,0,0,3,75,0,29,2,7,1,4,1,19,0,4,5,0,8,17,1,8,17,0,70,2,12,12,0,34,9,9,11,0,0
1/7/2007,0,2,2,28,0,3,2,3,4,6,1,9,0,2,8,0,1,10,1,7,12,0,59,2,16,5,3,46,14,6,9,0,2
1/14/2007,0,1,3,23,0,7,1,4,2,10,0,15,0,6,12,1,1,13,3,5,24,0,63,0,18,5,0,45,16,12,3,0,1
1/21/2007,2,4,2,32,0,6,1,7,5,7,1,23,1,6,7,0,2,17,2,4,30,1,73,5,15,10,3,48,11,11,2,0,2
1/28/2007,0,6,2,46,0,6,2,7,9,7,10,32,1,4,11,0,12,11,9,15,16,1,101,2,21,8,0,39,6,14,3,0,2
2/4/2007,0,4,8,40,0,5,3,10,6,3,2,43,0,2,4,0,22,18,7,10,14,1,97,3,18,11,0,58,9,10,1,0,1
2/11/2007,0,3,8,31,0,3,5,22,8,6,6,27,0,1,3,0,15,27,3,10,24,0,78,3,21,13,0,71,9,9,4,0,0
2/18/2007,0,3,7,13,0,3,5,10,6,5,5,11,0,1,5,0,3,17,3,5,24,0,65,2,31,12,2,57,3,10,3,0,0
2/25/2007,2,0,13,37,0,2,3,15,11,8,3,31,0,1,3,0,3,22,2,5,36,0,71,3,24,12,0,32,6,19,5,0,2
3/4/2007,1,1,9,34,0,6,2,16,6,3,6,28,1,4,2,0,3,16,5,7,20,1,53,3,22,11,0,35,6,6,5,0,1
3/11/2007,0,2,7,21,0,2,5,15,7,22,2,21,0,4,3,0,14,15,0,5,20,2,56,4,24,14,0,45,5,11,4,0,0
3/18/2007,0,1,9,13,0,3,2,23,4,15,3,31,0,7,3,0,5,14,2,6,33,1,48,6,16,4,0,61,4,9,2,0,0
3/25/2007,0,3,11,11,0,0,4,21,4,14,2,13,0,0,2,0,8,12,0,1,40,2,62,2,19,10,0,54,6,14,0,0,0
4/1/2007,0,1,11,10,0,2,4,19,8,14,4,15,0,3,8,0,9,14,1,4,25,1,41,11,8,1,0,64,4,6,6,0,0
4/8/2007,0,1,10,24,0,0,13,21,6,15,9,12,0,2,6,0,9,19,1,2,47,0,40,3,13,16,0,64,4,11,2,0,0
4/15/2007,0,1,8,13,0,5,11,25,7,10,2,20,0,5,13,0,10,14,0,6,36,0,57,9,13,7,0,34,7,9,4,0,0
4/22/2007,1,0,7,19,0,1,18,22,5,23,1,15,1,4,4,1,6,13,0,3,33,1,41,3,17,7,0,60,3,7,3,0,1
4/29/2007,0,2,6,21,0,4,14,17,10,26,0,25,0,3,4,0,7,20,2,9,49,0,38,5,17,12,0,62,3,6,6,0,0
5/6/2007,1,0,8,13,0,9,14,15,3,26,0,35,1,3,3,1,5,18,6,3,51,1,31,11,15,10,0,89,4,5,2,0,1
5/13/2007,0,0,17,22,0,9,23,10,3,31,3,34,2,6,8,0,7,20,6,11,60,0,34,4,24,6,1,105,10,8,10,0,19
5/20/2007,1,4,21,11,0,8,22,14,5,28,3,39,3,5,4,0,8,12,9,6,60,0,25,4,18,5,0,93,7,13,6,0,2
5/27/2007,0,3,19,12,0,3,13,8,8,17,3,34,0,10,11,1,7,18,5,7,37,0,36,2,14,11,0,128,7,7,9,0,5
6/3/2007,0,0,13,45,0,6,20,11,3,19,1,48,2,5,9,0,12,26,9,11,47,0,16,2,15,13,0,97,10,4,9,0,12
6/10/2007,0,0,3,26,0,5,13,10,10,13,5,22,0,6,5,0,3,24,4,7,53,0,24,4,17,9,0,103,7,13,4,0,5
6/17/2007,0,1,6,52,0,8,6,11,3,18,2,37,0,4,3,1,4,29,7,13,50,0,31,2,28,11,1,129,2,9,4,0,3
6/24/2007,0,1,12,76,0,10,10,12,1,9,2,25,1,4,1,0,7,21,5,14,51,0,47,1,20,13,3,119,11,9,5,0,0
7/1/2007,2,1,2,76,0,7,7,8,2,12,1,52,0,2,10,1,1,14,6,14,53,0,39,1,30,15,0,111,12,9,7,0,3
7/8/2007,0,1,6,113,0,7,9,10,3,13,0,34,0,0,16,2,3,8,7,30,53,1,52,6,28,0,0,104,6,8,7,0,1
7/15/2007,0,0,14,74,0,6,10,7,2,6,2,37,0,5,14,0,1,12,0,26,40,0,71,3,35,22,2,132,7,12,2,0,2
7/22/2007,1,2,3,114,0,8,5,11,2,10,3,26,0,9,9,0,2,41,12,21,29,0,47,3,20,2,0,125,9,10,4,0,0
7/29/2007,0,3,2,101,0,10,1,11,2,7,3,26,0,18,10,0,2,23,1,31,31,0,39,0,29,0,4,109,6,12,4,0,2
8/5/2007,0,1,3,56,0,6,3,6,5,4,3,20,0,7,3,0,3,16,0,23,27,0,36,1,16,4,5,99,7,7,2,0,2
8/12/2007,0,1,4,77,0,8,1,2,6,4,6,19,0,9,9,2,1,13,0,40,14,1,44,1,33,12,2,92,6,10,1,0,1
8/19/2007,0,1,4,44,0,7,2,4,2,8,2,23,1,0,10,0,2,5,5,21,26,0,27,1,31,10,1,78,3,14,11,0,3
8/26/2007,0,0,2,73,0,5,3,4,1,8,2,19,0,2,4,0,1,12,7,27,25,3,32,4,21,21,5,83,3,9,1,0,12
9/2/2007,0,1,1,87,0,1,1,7,2,9,4,13,0,3,2,1,1,7,2,17,19,0,44,1,15,9,4,86,0,9,6,0,0
9/9/2007,0,0,0,77,0,6,5,4,3,2,0,19,0,3,6,4,6,3,1,43,25,1,39,1,22,4,3,79,7,11,4,0,3
9/16/2007,0,0,1,86,0,4,8,7,3,1,4,30,3,2,3,0,8,13,2,39,15,1,36,1,24,18,3,90,4,16,3,0,2
9/23/2007,0,1,2,93,0,4,3,8,1,3,0,17,0,9,2,0,4,7,5,47,22,1,51,0,34,21,0,82,2,9,10,0,0
9/30/2007,0,0,0,100,0,4,3,7,1,1,0,29,0,0,4,0,1,7,4,45,15,1,54,1,27,16,0,52,7,9,3,0,0
10/7/2007,0,2,1,81,0,4,1,4,1,0,1,14,1,4,7,0,5,9,3,42,19,0,54,1,28,7,0,51,5,13,0,0,0
10/14/2007,0,0,1,81,0,14,0,2,0,5,0,10,1,4,1,0,1,8,9,32,15,0,46,0,16,17,1,52,6,10,5,1,0
10/21/2007,0,0,3,90,0,9,10,5,1,3,3,30,0,5,4,0,5,14,2,27,21,0,49,0,25,13,0,49,10,13,4,0,0
10/28/2007,0,0,1,78,0,13,3,4,2,2,0,11,0,0,2,0,4,10,5,33,11,1,34,1,14,9,1,51,4,9,5,0,0
11/4/2007,0,1,2,92,0,9,2,4,0,0,0,25,0,4,6,0,4,6,2,45,15,0,48,0,24,1,0,40,2,6,2,0,0
11/11/2007,0,1,2,108,0,19,1,1,0,3,0,14,0,3,2,0,10,6,6,34,25,0,35,2,17,12,0,34,3,6,3,0,0
11/18/2007,0,0,0,160,0,16,2,3,1,1,0,1,0,0,10,1,3,7,12,28,25,0,38,0,14,8,1,37,5,8,4,0,0
11/25/2007,0,0,0,100,0,17,4,3,3,1,1,3,0,4,8,0,2,2,17,40,24,0,46,0,11,3,0,24,5,5,1,0,0
12/2/2007,0,2,0,90,0,17,2,8,3,2,0,11,0,2,8,1,3,10,16,39,22,0,19,1,2,4,1,32,5,5,7,0,1
12/9/2007,0,1,0,66,0,1,1,3,12,0,1,11,0,3,4,0,2,7,19,47,13,0,34,3,2,2,0,27,3,3,10,0,0
12/16/2007,0,1,0,71,0,3,3,2,0,0,0,5,0,1,4,1,1,6,12,18,10,0,20,2,0,4,0,16,4,5,5,0,0
12/23/2007,0,2,2,93,0,2,0,2,0,0,1,9,0,2,9,0,3,8,4,32,3,0,18,2,15,5,3,29,2,5,14,0,0
12/30/2007,0,25,12,85,0,13,1,2,5,10,1,7,1,8,16,2,2,20,7,11,29,0,24,3,14,4,0,39,2,13,27,0,0
1/6/2008,0,37,9,102,0,16,5,0,2,18,5,3,0,14,29,3,6,24,7,8,27,1,26,2,13,4,0,35,6,23,26,0,0
1/13/2008,0,31,13,100,0,15,6,2,1,14,3,11,0,13,16,4,7,26,11,6,37,0,26,3,17,5,0,24,7,20,37,0,1
1/20/2008,0,30,6,98,0,29,2,3,4,12,2,13,1,15,14,2,4,22,7,10,19,0,37,1,19,3,0,33,7,20,23,0,0
1/27/2008,0,23,8,94,0,26,2,0,1,9,2,10,0,11,19,3,3,24,9,11,28,1,37,1,13,10,0,35,5,16,34,0,1
2/3/2008,0,21,8,91,0,22,3,3,1,14,1,4,0,13,17,5,3,22,5,7,27,0,21,3,17,5,0,32,8,21,37,0,1
2/10/2008,0,21,6,109,0,20,2,4,6,8,4,8,0,12,13,9,7,16,9,5,24,0,24,5,20,8,0,30,6,12,38,0,1
2/17/2008,0,32,13,93,0,23,3,4,5,12,5,4,0,5,18,1,4,19,6,10,30,0,24,3,15,4,0,35,6,14,27,0,1
2/24/2008,0,25,6,92,0,23,4,3,2,9,1,6,0,5,13,2,3,17,3,4,28,0,26,2,15,3,0,32,12,13,27,0,1
3/2/2008,0,15,6,104,0,20,1,2,2,7,3,6,2,7,13,6,2,12,1,7,24,0,30,4,18,2,0,31,10,15,23,0,0
3/9/2008,0,18,5,70,0,17,2,0,4,7,1,5,1,9,8,4,6,13,3,7,23,2,25,1,14,1,0,29,9,15,22,0,0
3/16/2008,0,20,12,75,0,14,2,1,6,7,4,7,0,6,8,4,4,13,6,5,25,2,25,1,18,1,0,21,7,12,16,0,1
3/23/2008,0,17,12,83,1,14,1,0,1,8,3,6,0,5,13,0,2,24,7,10,31,2,20,6,12,2,1,28,4,7,26,0,1
3/30/2008,0,25,9,77,0,20,1,1,4,16,1,13,0,6,13,2,3,21,8,8,35,1,25,8,9,3,1,33,8,18,34,0,0
4/6/2008,0,20,11,95,0,13,3,1,1,13,1,7,1,7,16,1,3,18,7,7,25,0,24,1,17,3,1,39,3,9,23,0,0
4/13/2008,0,15,11,78,0,20,2,0,0,11,2,5,0,11,7,1,6,10,9,11,26,0,31,3,13,4,0,32,7,11,25,0,0
4/20/2008,0,17,10,100,0,9,2,3,2,7,0,3,1,15,13,0,5,19,7,7,18,0,16,2,12,5,0,26,6,13,19,1,0
4/27/2008,0,21,8,65,0,12,1,2,4,4,2,4,0,11,11,3,3,26,13,5,29,0,13,4,15,2,0,23,3,12,21,0,3
5/4/2008,0,21,10,92,0,11,3,0,5,12,4,5,0,4,8,2,3,16,7,7,41,0,23,2,18,8,0,22,6,14,24,0,1
5/11/2008,0,18,10,84,0,10,2,2,3,10,1,7,0,11,11,0,3,12,5,11,26,0,31,1,8,6,0,33,3,11,19,0,0
5/18/2008,0,23,9,82,0,18,4,5,2,7,1,6,0,10,14,2,4,17,6,11,26,0,21,3,11,2,2,30,4,15,25,0,0
5/25/2008,0,22,4,62,0,18,1,0,2,12,0,2,2,9,14,0,4,15,4,7,24,0,19,1,14,3,0,28,5,8,23,0,0
6/1/2008,0,19,9,90,0,17,3,1,0,12,1,2,0,13,9,4,5,20,4,6,34,0,27,6,9,2,0,26,6,14,30,0,2
6/8/2008,1,18,7,85,0,18,1,2,2,8,4,4,0,16,8,3,5,14,8,7,17,0,26,1,11,3,0,34,10,13,12,0,1
6/15/2008,0,21,10,87,0,19,4,1,3,6,1,6,0,8,14,1,7,15,5,5,20,0,23,2,22,0,0,32,5,11,15,1,0
6/22/2008,0,27,7,87,0,14,3,0,0,7,0,3,0,7,5,2,0,20,5,5,25,1,15,4,13,0,0,34,4,10,25,0,0
6/29/2008,1,17,7,84,0,12,3,1,5,12,1,6,0,6,6,2,2,21,8,6,31,0,25,1,19,0,0,35,3,12,27,0,0
7/6/2008,0,23,11,97,0,22,2,1,5,7,5,3,0,8,11,1,1,18,6,5,19,0,28,1,16,2,1,29,8,15,24,0,1
7/13/2008,0,22,8,78,0,11,2,3,4,9,0,3,1,12,9,3,4,19,6,6,25,1,28,1,8,3,0,26,5,11,34,0,2
7/20/2008,0,23,12,86,0,18,2,0,4,8,1,5,0,7,13,2,2,16,5,6,30,0,22,0,9,4,0,27,4,9,25,0,1
7/27/2008,0,24,10,68,0,10,1,2,0,13,1,8,3,7,11,2,4,18,5,4,20,1,29,2,11,4,0,24,1,15,28,0,0
8/3/2008,0,20,10,55,0,15,1,2,2,8,3,5,0,6,8,0,2,10,2,6,15,0,19,2,14,1,0,38,7,8,20,0,1
8/10/2008,0,18,4,61,0,15,1,1,2,6,4,6,1,7,6,2,3,10,5,1,26,1,25,2,13,1,0,21,8,8,17,0,0
8/17/2008,0,14,10,56,0,17,2,2,3,7,3,4,1,8,5,0,2,19,2,7,22,0,21,0,16,5,1,19,4,9,15,0,1
8/24/2008,0,18,4,65,0,20,3,2,5,6,0,2,0,7,15,1,2,11,2,7,21,0,20,1,12,0,0,28,5,3,18,0,1
8/31/2008,0,16,5,76,0,14,0,1,4,3,2,2,1,5,13,1,1,13,5,8,25,0,27,3,13,0,0,18,4,9,27,0,1
9/7/2008,0,26,9,59,0,15,3,1,2,4,1,7,0,7,10,1,0,14,1,7,33,0,22,1,10,0,0,27,6,10,20,0,2
9/14/2008,0,19,7,62,0,11,1,2,1,4,4,6,0,7,6,0,5,9,7,5,23,0,23,5,14,4,1,28,12,12,19,0,2
9/21/2008,0,19,14,74,0,18,1,0,3,10,3,6,2,8,10,1,5,17,3,10,22,0,23,2,7,1,0,22,8,17,26,0,1
9/28/2008,0,14,4,83,0,18,1,0,1,3,1,4,1,5,9,2,6,15,5,9,19,1,27,3,13,4,0,28,8,11,29,0,0
10/5/2008,0,34,8,93,0,23,0,5,1,8,0,4,2,9,13,0,9,19,12,6,18,1,22,4,11,4,0,27,4,13,22,0,0
10/12/2008,0,19,7,77,0,16,1,1,5,10,4,12,0,11,10,2,2,16,10,8,21,0,28,1,12,0,0,25,6,15,26,0,0
10/19/2008,0,27,13,104,0,15,0,0,3,10,4,8,0,10,8,2,2,18,3,10,25,1,29,5,10,4,0,40,11,10,26,0,0
10/26/2008,0,25,10,85,0,14,4,0,3,11,0,5,1,10,10,4,2,15,10,9,23,1,23,7,19,1,0,33,6,20,26,0,0
11/2/2008,1,30,7,59,0,15,3,2,2,4,0,6,1,13,7,2,2,18,8,6,23,0,27,1,17,1,0,29,7,12,30,0,1
11/9/2008,0,19,11,79,0,24,1,1,4,7,0,7,1,8,12,0,3,20,8,9,35,0,25,1,12,3,0,36,4,19,24,0,0
11/16/2008,0,20,7,88,0,14,3,0,1,6,0,5,0,11,12,3,2,15,6,7,26,0,15,3,14,0,0,30,13,11,25,0,0
11/23/2008,0,17,6,54,0,14,1,0,2,9,2,7,0,5,9,1,1,11,5,5,27,0,18,0,6,3,0,27,8,6,19,0,0
11/30/2008,0,16,10,89,0,13,2,3,3,10,0,6,2,14,3,2,5,6,8,20,24,0,23,3,20,4,0,30,6,13,29,0,0
12/7/2008,0,19,6,86,0,18,1,3,2,9,1,2,0,10,4,0,1,15,6,3,28,0,28,2,9,0,0,28,4,9,19,0,0
12/14/2008,0,22,11,82,0,13,1,0,1,8,3,3,2,4,11,1,6,16,5,8,27,0,24,4,12,0,0,28,7,11,22,0,0
12/21/2008,0,26,5,47,0,16,0,2,0,7,0,0,1,1,4,0,7,13,5,3,11,0,9,0,10,5,0,24,3,7,15,0,0
12/28/2008,0,10,3,55,0,20,0,1,0,2,1,4,2,5,6,3,3,11,0,1,16,1,15,1,10,2,0,12,4,4,14,0,1
1/4/2009,0,14,20,156,0,20,2,3,1,30,1,7,3,5,9,0,6,18,18,22,43,0,40,0,1,1,1,44,7,20,32,0,0
1/11/2009,0,16,13,143,0,20,3,4,5,38,3,8,0,2,7,0,7,13,26,12,51,2,47,0,1,1,0,44,9,25,32,0,1
1/18/2009,0,13,9,116,0,25,1,0,0,57,2,3,2,5,7,0,0,16,23,21,35,2,43,1,2,0,0,36,19,21,28,0,1
1/25/2009,1,15,12,92,0,21,2,0,0,35,8,7,2,3,4,0,0,13,16,21,34,1,38,0,1,0,1,34,14,23,30,0,1
2/1/2009,0,20,11,108,0,11,2,0,2,24,3,9,3,6,6,0,2,30,18,18,32,0,59,2,0,0,0,38,16,33,35,0,0
2/8/2009,2,11,9,85,0,15,3,4,4,34,2,1,0,4,9,0,3,34,17,13,40,0,42,1,1,2,0,35,15,15,38,0,0
2/15/2009,0,10,3,52,0,17,0,1,2,40,5,3,0,6,2,0,2,35,18,24,43,0,42,5,6,0,0,29,19,15,25,0,0
2/22/2009,0,12,4,62,0,14,1,2,2,53,2,4,1,3,8,0,0,29,11,19,37,0,34,3,1,1,0,28,12,7,30,0,0
3/1/2009,0,7,0,60,0,7,1,2,5,66,2,2,3,4,9,0,1,17,19,28,58,0,42,0,4,1,0,29,11,15,44,1,1
3/8/2009,0,6,6,39,0,3,0,2,6,59,3,2,0,6,6,0,6,19,11,13,40,0,29,3,4,0,0,26,6,9,35,0,1
3/15/2009,0,10,4,47,0,6,0,4,2,53,2,3,1,2,4,0,4,25,11,16,38,1,40,4,3,1,0,31,8,7,37,0,0
3/22/2009,0,6,7,33,0,3,2,1,4,68,1,2,2,3,1,0,3,37,11,13,38,0,23,7,4,0,0,32,9,13,31,0,0
3/29/2009,0,4,6,27,0,4,1,0,4,63,2,1,1,5,7,0,7,30,14,10,44,1,21,4,7,3,0,20,10,11,57,0,0
4/5/2009,0,6,8,29,0,1,4,0,1,61,6,0,0,0,6,0,2,34,10,10,41,1,16,4,1,1,0,36,12,19,56,0,0
4/12/2009,0,6,8,25,0,6,6,2,2,77,3,6,0,2,9,0,6,46,11,1,53,2,36,4,5,0,0,25,11,19,45,0,0
4/19/2009,0,8,16,38,0,3,7,2,1,58,2,3,1,2,7,0,5,73,11,4,51,1,39,10,4,0,0,48,9,16,59,0,0
4/26/2009,0,2,13,19,0,6,6,3,4,41,2,6,1,2,2,0,2,49,6,9,40,0,29,10,2,1,0,39,6,9,59,0,0
5/3/2009,0,6,20,12,0,2,4,3,2,31,3,1,1,3,4,0,4,44,8,4,70,1,30,11,7,0,0,51,5,22,35,0,0
5/10/2009,0,7,28,17,0,5,2,7,2,60,1,4,0,2,5,0,7,54,12,3,57,1,28,7,1,1,0,55,7,17,59,0,0
5/17/2009,1,14,31,26,0,2,13,2,1,75,5,5,0,0,2,0,1,46,8,4,79,2,34,6,3,0,1,60,14,14,75,0,0
5/24/2009,0,15,44,14,0,4,9,10,1,53,0,5,0,5,7,0,2,34,5,2,60,2,44,1,3,2,1,48,7,8,87,0,0
5/31/2009,0,26,28,19,0,1,14,8,3,86,2,3,1,5,7,0,4,35,7,7,57,4,35,0,0,2,0,67,18,9,90,0,0
6/7/2009,0,23,39,18,0,6,10,5,3,50,6,11,1,6,5,0,2,50,13,1,70,4,42,1,2,3,0,53,14,19,87,0,1
6/14/2009,0,33,30,19,0,2,9,8,3,46,8,1,1,2,7,0,4,35,6,4,66,0,32,5,5,2,0,60,9,8,105,0,0
6/21/2009,0,26,29,22,0,4,11,7,1,44,3,2,1,6,6,0,2,29,7,4,51,0,46,4,3,0,0,46,19,7,82,0,0
6/28/2009,0,29,19,29,0,5,6,1,0,38,2,11,1,1,6,0,4,43,20,6,76,5,37,2,6,1,0,41,13,15,113,0,0
7/5/2009,3,45,43,30,0,2,6,1,1,32,6,10,0,4,10,0,6,42,12,10,52,3,48,1,5,6,0,48,25,10,130,0,0
7/12/2009,1,30,50,33,0,3,8,6,1,30,8,15,1,3,7,0,6,46,14,8,35,2,41,1,6,3,0,57,23,14,125,0,0
7/19/2009,0,25,44,45,0,2,9,7,1,20,6,16,0,7,11,0,7,44,8,11,67,3,44,0,2,2,0,58,18,23,137,0,0
7/26/2009,0,29,32,29,0,2,6,2,0,29,5,17,0,3,4,0,5,51,11,11,46,2,42,0,10,2,0,67,13,11,176,0,1
8/2/2009,0,20,53,36,0,7,6,13,0,10,7,12,0,2,9,0,14,56,5,11,60,1,46,1,8,2,0,59,10,17,160,0,0
8/9/2009,0,26,38,40,0,4,4,9,2,4,4,10,0,3,7,0,6,61,7,13,47,3,63,2,6,2,0,59,22,11,171,1,3
8/16/2009,0,40,36,32,0,1,5,5,0,11,5,11,0,8,7,0,4,38,6,12,61,5,37,2,9,7,0,48,12,25,169,0,3
8/23/2009,0,26,45,33,0,2,4,9,2,0,10,10,2,1,9,0,5,60,5,5,50,1,48,1,3,4,1,62,10,16,185,0,1
8/30/2009,0,38,39,55,0,4,3,2,1,3,5,13,1,3,12,0,7,52,9,6,35,2,44,1,4,3,0,62,15,19,177,0,1
9/6/2009,0,26,21,31,0,4,3,2,3,7,4,5,0,4,23,1,2,50,6,7,16,1,36,5,6,3,0,65,8,23,220,0,1
9/13/2009,0,26,21,40,0,2,4,6,5,5,6,14,0,3,12,0,1,40,2,8,30,2,61,0,7,8,0,53,7,29,226,0,0
9/20/2009,0,34,31,36,0,3,5,12,8,3,14,8,0,4,10,0,0,69,4,10,33,6,48,0,7,20,0,50,8,30,225,0,0
9/27/2009,0,54,23,34,0,4,6,5,4,1,14,4,0,3,7,0,0,68,6,6,32,4,46,0,8,9,0,69,3,26,242,1,0
10/4/2009,0,51,29,22,0,6,3,9,4,3,7,8,2,5,8,0,0,65,2,9,33,3,53,0,7,18,0,83,12,20,196,0,0
10/11/2009,0,42,32,30,0,5,5,22,3,1,8,12,0,4,21,0,1,46,4,3,26,0,50,0,11,11,0,79,10,32,241,0,0
10/18/2009,0,52,25,33,0,1,8,22,0,2,10,15,0,0,13,1,1,56,8,8,30,2,63,1,11,11,1,59,14,31,205,0,0
10/25/2009,0,42,15,39,0,3,4,16,2,2,7,12,1,1,10,0,0,50,3,9,25,1,59,2,21,11,0,58,4,15,147,0,0
11/1/2009,0,33,19,72,0,1,7,15,0,0,2,25,0,0,5,0,5,38,11,6,48,0,53,5,22,15,1,50,4,28,171,0,0
11/8/2009,0,43,22,60,0,3,5,11,0,0,1,27,1,3,8,0,2,49,3,11,41,4,58,4,16,19,0,52,8,18,138,0,0
11/15/2009,0,43,29,71,0,4,8,8,0,0,3,32,0,0,14,1,10,59,4,12,30,1,73,2,17,16,0,51,7,18,172,0,0
11/22/2009,0,43,37,65,0,6,8,9,1,0,7,39,0,1,12,0,15,69,6,15,26,0,72,9,12,24,0,71,6,27,190,0,0
11/29/2009,0,57,25,43,0,5,12,11,0,2,8,44,1,2,6,0,9,82,12,24,16,1,86,5,13,23,0,68,3,32,173,0,1
12/6/2009,0,45,36,60,0,3,13,5,2,4,18,43,2,1,10,0,10,98,12,39,29,1,96,5,23,31,0,58,11,26,220,0,0
12/13/2009,0,48,19,73,0,5,8,19,1,2,7,51,2,0,27,0,10,93,15,29,22,2,103,8,25,28,0,49,7,31,199,0,0
12/20/2009,0,43,18,47,0,5,3,17,1,2,19,54,0,1,23,0,7,103,5,16,30,2,80,1,33,35,0,59,4,47,175,0,0
12/27/2009,0,54,22,36,0,3,5,17,0,4,15,39,0,2,40,0,12,107,16,9,35,2,92,5,17,41,0,42,1,42,167,0,0
1/3/2010,0,37,27,8,0,2,7,5,0,7,22,65,0,1,35,0,2,158,13,6,24,5,188,11,67,5,0,78,7,63,305,0,0
1/10/2010,0,38,29,8,0,2,10,11,2,8,27,48,0,0,46,0,1,165,7,12,23,3,137,11,55,12,0,75,9,84,336,0,0
1/17/2010,0,62,21,9,0,2,11,14,2,6,27,50,2,1,43,0,0,171,7,8,20,4,201,29,85,23,0,69,6,64,390,0,0
1/24/2010,0,76,30,9,0,1,22,18,2,9,27,43,2,1,33,1,0,205,3,10,19,4,188,29,89,23,0,86,14,98,465,0,0
1/31/2010,0,112,32,5,0,4,36,19,3,15,45,43,1,0,33,5,1,250,10,3,24,2,202,43,116,24,0,73,8,74,573,0,0
2/7/2010,0,89,31,11,0,4,31,16,6,7,40,37,0,0,34,3,1,208,17,6,42,2,214,38,171,25,0,78,4,109,720,0,1
2/14/2010,0,115,37,19,0,8,42,16,4,19,44,64,5,0,29,1,3,196,9,6,51,3,159,23,301,19,0,54,9,104,700,0,3
2/21/2010,0,113,50,15,0,1,25,19,6,25,36,30,1,2,28,2,1,161,12,1,31,2,124,16,423,10,0,48,7,90,596,1,1
2/28/2010,0,115,49,8,0,4,15,13,3,20,21,29,3,0,30,1,3,165,6,1,44,3,155,34,387,16,0,61,10,127,638,0,2
3/7/2010,0,103,47,17,0,10,11,24,9,10,25,27,1,0,42,2,3,113,8,4,40,2,114,32,497,14,0,46,13,104,567,0,1
3/14/2010,0,122,52,16,0,1,15,22,2,10,22,15,0,2,44,2,0,130,4,4,53,7,129,23,482,20,0,83,9,131,539,5,4
3/21/2010,0,122,53,9,0,4,11,22,25,10,24,21,1,1,39,3,3,111,6,2,28,7,107,24,194,17,0,68,6,80,472,3,5
3/28/2010,0,160,52,10,0,1,16,12,15,12,17,12,2,1,61,2,0,155,2,2,38,8,103,39,204,17,0,99,1,99,424,6,13
4/4/2010,1,153,53,14,0,1,21,19,6,18,13,14,1,2,70,2,2,158,5,4,50,2,95,39,203,18,0,94,6,97,483,16,13
4/11/2010,0,141,69,14,0,3,38,20,18,13,16,10,0,0,26,0,0,156,2,4,48,5,100,42,161,19,1,56,6,67,418,6,15
4/18/2010,0,195,97,9,0,1,19,7,21,19,14,10,0,1,20,0,2,168,4,4,43,14,103,24,176,13,0,77,6,42,380,4,5
4/25/2010,0,218,129,12,0,2,23,8,5,33,6,20,1,1,31,1,2,123,4,2,49,6,97,25,134,12,0,71,6,47,290,2,2
5/2/2010,0,242,109,9,0,1,32,8,7,28,9,21,3,1,39,0,1,151,5,1,35,8,108,8,116,12,0,67,9,43,322,0,1
5/9/2010,0,272,186,11,0,6,29,10,3,21,9,26,1,0,47,0,2,164,3,3,41,6,92,10,105,10,0,63,5,45,285,1,1
5/16/2010,0,258,111,11,0,1,26,10,0,17,10,12,0,1,40,1,1,178,6,7,33,5,96,9,111,13,0,46,4,58,305,0,3
5/23/2010,2,219,118,15,0,2,24,11,2,13,11,21,0,0,35,0,1,146,2,3,33,3,85,10,118,11,0,46,2,52,269,0,4
5/30/2010,0,270,145,18,0,1,24,11,1,28,5,17,1,4,29,0,0,156,4,3,42,4,75,6,80,7,0,42,5,30,288,0,6
6/6/2010,0,249,103,9,0,2,28,9,1,21,4,9,1,0,26,0,1,114,0,1,39,4,82,5,93,8,0,33,3,29,271,3,4
6/13/2010,1,196,73,10,0,1,28,11,2,17,3,10,0,0,26,0,1,93,2,5,50,2,87,6,90,7,0,43,5,29,283,2,3
6/20/2010,1,235,99,17,0,2,27,8,0,17,6,12,0,2,25,0,2,117,4,6,40,1,76,2,85,6,0,58,6,22,235,2,1
6/27/2010,0,243,82,18,0,5,33,7,0,15,6,30,1,0,34,0,0,128,3,8,48,0,75,7,77,5,0,46,6,22,190,1,1
7/4/2010,0,220,97,14,0,1,23,6,1,14,7,34,0,5,23,0,0,118,4,5,43,7,83,3,78,3,0,53,7,27,218,0,1
7/11/2010,0,129,110,6,0,6,24,4,3,6,9,21,1,0,31,0,0,121,5,6,38,2,74,3,58,7,0,37,4,19,205,0,2
7/18/2010,0,233,95,23,0,5,20,4,1,6,8,24,0,3,13,0,0,110,5,6,33,3,65,1,60,10,0,43,4,18,211,0,0
7/25/2010,0,183,111,24,0,3,25,5,0,5,8,28,0,5,11,0,1,83,2,7,37,2,77,1,40,18,0,56,9,28,185,0,0
8/1/2010,0,165,58,21,0,3,30,5,2,2,4,44,0,1,9,0,1,85,9,0,35,3,82,0,48,6,0,40,6,18,183,0,0
8/8/2010,0,184,40,18,0,4,24,9,0,1,3,40,0,1,5,0,0,84,7,2,24,4,83,1,30,6,0,37,7,13,160,0,0
8/15/2010,0,152,13,21,0,3,19,3,1,1,4,29,0,2,18,0,0,72,8,4,25,3,91,1,47,7,0,28,10,18,147,0,0
8/22/2010,1,116,5,28,0,2,16,5,0,0,5,26,0,0,5,0,1,66,10,4,27,2,93,1,48,4,0,23,5,17,144,0,2
8/29/2010,0,98,6,33,0,2,11,6,1,3,5,34,1,0,9,0,0,65,7,0,24,2,83,0,29,3,0,24,8,21,140,0,2
9/5/2010,0,78,16,30,0,10,9,3,3,2,2,19,0,0,5,0,0,51,4,1,21,1,71,0,41,6,0,17,10,10,139,0,0
9/12/2010,0,80,7,19,0,4,8,3,1,1,3,10,0,0,5,0,3,38,4,0,12,5,81,0,30,4,0,12,9,17,112,0,0
9/19/2010,0,61,9,19,0,3,20,4,1,1,1,16,0,0,2,0,0,42,2,0,16,5,72,0,23,2,0,15,5,13,111,0,0
9/26/2010,0,38,5,14,0,0,17,1,1,4,1,7,0,0,3,0,0,31,4,2,13,4,70,0,28,1,0,13,10,8,129,0,0
10/3/2010,0,24,8,14,0,3,13,2,0,2,2,9,1,0,4,0,1,36,6,2,12,2,71,1,21,1,0,22,8,7,125,0,0
10/10/2010,0,26,6,16,0,5,10,8,2,3,0,10,1,0,5,0,0,40,2,4,16,5,69,0,18,2,0,15,4,3,87,0,2
10/17/2010,0,16,5,21,0,1,8,4,1,2,2,9,1,2,3,0,1,27,7,3,17,5,56,0,17,0,0,12,9,5,71,0,1
10/24/2010,0,15,3,18,0,1,4,5,1,2,1,13,0,0,1,0,0,31,2,3,10,2,63,1,12,0,0,6,6,5,81,0,0
10/31/2010,0,14,5,16,0,1,16,1,1,0,0,10,0,1,4,0,0,34,6,2,2,1,63,0,8,0,0,9,3,4,113,0,1
11/7/2010,0,8,5,15,0,2,18,1,0,0,2,4,0,2,2,0,0,39,2,4,10,1,92,0,11,0,0,4,7,1,76,0,1
11/14/2010,0,12,1,13,0,1,13,4,0,0,4,1,0,0,1,0,0,24,4,5,1,0,58,0,10,1,0,6,3,0,78,0,0
11/21/2010,0,14,0,20,0,2,11,2,0,0,0,8,0,1,0,0,0,23,2,2,7,1,45,1,10,1,0,2,5,1,74,0,0
11/28/2010,0,6,0,18,0,1,13,3,5,0,1,4,0,2,3,0,0,28,1,0,5,0,57,0,13,0,0,3,6,3,77,0,0
12/5/2010,0,2,0,20,0,2,3,2,1,1,0,2,0,0,4,0,0,12,3,2,4,1,59,0,0,0,0,8,7,3,58,0,1
12/12/2010,0,10,1,13,0,0,7,10,1,0,3,2,1,0,4,0,0,13,4,0,4,0,45,0,0,0,0,2,13,0,40,0,0
12/19/2010,0,2,1,13,0,0,4,1,2,0,3,4,0,0,1,0,1,31,4,1,0,0,44,2,2,0,0,5,6,2,44,0,2
12/26/2010,0,3,1,11,0,1,7,4,0,0,2,5,0,0,2,0,1,32,1,4,6,0,30,0,1,0,0,4,4,1,44,0,0
1/2/2011,0,26,0,38,0,25,5,11,2,3,3,6,1,5,18,0,5,33,7,20,41,1,40,1,0,1,0,10,19,23,43,0,1
1/9/2011,0,29,1,41,0,41,5,6,3,2,2,15,7,2,17,0,4,24,8,18,45,5,32,3,8,3,1,4,10,24,51,0,1
1/16/2011,1,18,2,42,0,29,6,8,5,5,4,8,6,7,21,0,5,31,11,11,28,1,32,7,3,2,0,9,15,29,45,0,1
1/23/2011,3,11,1,28,0,19,7,9,4,2,4,12,5,10,20,0,4,27,3,13,39,3,25,4,2,2,1,7,14,12,33,0,1
1/30/2011,0,17,0,40,0,24,3,18,2,3,6,12,9,6,11,0,2,35,7,13,22,5,29,0,2,2,0,5,20,16,27,0,2
2/6/2011,0,17,0,31,0,17,8,9,2,3,3,7,19,6,9,0,2,21,4,13,36,2,22,2,3,1,0,6,12,8,26,0,0
2/13/2011,1,19,1,23,0,3,4,9,3,1,5,11,3,8,17,0,1,33,9,6,28,3,29,7,2,4,0,6,8,16,26,0,7
2/20/2011,5,7,3,25,0,12,2,8,4,4,4,8,4,9,13,0,4,25,1,7,20,4,31,3,6,5,0,7,6,10,31,0,7
2/27/2011,4,16,3,26,0,19,1,9,2,8,2,3,9,4,12,0,3,18,6,4,15,6,15,9,3,4,0,6,10,8,26,0,12
3/6/2011,6,10,4,18,0,11,2,9,6,1,4,7,4,2,10,0,9,11,2,9,26,2,22,8,3,5,1,5,8,7,29,0,6
3/13/2011,3,15,2,18,0,7,2,8,2,1,1,5,8,7,4,0,4,17,2,2,22,2,15,2,1,5,1,7,9,9,17,0,12
3/20/2011,3,11,4,9,0,9,3,5,4,1,3,5,6,3,13,1,6,15,3,5,18,3,17,2,1,6,0,6,12,13,25,0,4
3/27/2011,7,19,4,12,0,6,3,3,1,4,5,3,6,6,11,2,8,13,3,7,29,4,16,10,3,4,0,11,16,13,16,0,9
4/3/2011,1,18,2,6,0,4,1,2,3,3,5,1,8,9,8,0,3,15,6,7,34,7,13,8,2,2,0,12,8,3,15,0,8
4/10/2011,2,20,7,5,0,10,2,2,5,6,5,3,7,4,11,0,8,17,2,1,41,1,19,6,0,2,0,7,12,13,15,0,14
4/17/2011,1,20,7,14,0,4,5,5,2,7,4,9,2,4,7,0,3,14,1,1,36,3,5,7,1,1,1,13,9,12,21,0,6
4/24/2011,6,24,4,6,0,6,4,3,10,12,2,6,3,0,7,0,4,21,0,3,35,5,19,9,4,2,0,5,10,10,28,0,5
5/1/2011,6,12,6,13,0,6,9,3,4,7,10,6,1,10,8,0,1,11,0,2,28,1,17,10,1,1,3,7,3,11,20,0,15
5/8/2011,4,22,6,13,0,6,5,5,4,13,6,6,2,10,7,0,3,26,2,0,28,1,11,5,1,3,4,13,5,8,21,0,8
5/15/2011,5,32,5,7,0,8,2,4,3,9,8,13,0,2,11,0,6,16,4,3,37,4,11,9,4,2,2,16,12,9,20,0,13
5/22/2011,2,20,3,10,0,3,3,4,6,9,4,10,0,5,13,2,5,19,2,3,36,5,16,7,1,6,0,4,8,6,19,0,10
5/29/2011,5,27,3,13,0,11,2,2,5,12,4,9,0,4,10,0,5,16,0,0,41,5,18,2,1,3,0,8,6,13,21,0,2
6/5/2011,16,12,7,19,0,6,5,0,7,11,4,26,0,5,8,0,3,26,1,4,25,3,13,6,0,6,0,11,4,8,17,0,2
6/12/2011,10,14,3,14,0,5,3,2,9,4,5,22,3,18,9,0,2,15,4,4,28,2,17,4,0,3,1,8,2,4,15,0,4
6/19/2011,2,18,6,12,0,8,4,1,7,10,4,17,0,10,6,0,3,19,4,2,25,4,16,2,1,4,1,15,5,4,19,0,0
6/26/2011,3,21,3,7,0,6,4,1,5,11,2,12,0,10,13,0,3,11,6,1,32,6,15,7,6,3,1,13,5,7,21,0,0
7/3/2011,0,18,8,5,0,11,4,2,9,6,6,18,2,9,16,0,1,16,3,0,29,4,24,2,3,2,1,15,3,4,29,0,0
7/10/2011,2,18,4,10,0,6,1,4,4,13,7,17,1,8,8,0,2,18,4,3,34,1,11,3,3,2,1,8,6,1,13,1,1
7/17/2011,2,9,3,7,0,8,4,5,3,3,6,14,0,20,7,0,6,10,3,4,26,1,13,5,5,3,3,9,0,5,28,0,0
7/24/2011,1,15,4,10,0,3,3,3,5,9,2,13,0,13,7,0,2,8,4,1,25,0,13,1,0,2,5,12,4,2,24,0,1
7/31/2011,6,14,2,14,0,12,4,0,3,13,5,10,2,15,7,0,2,10,2,2,30,2,18,2,2,3,5,4,1,4,33,0,1
8/7/2011,5,16,8,13,0,3,2,0,1,6,4,17,0,19,6,0,7,17,3,2,31,1,20,4,0,2,7,5,6,10,30,0,0
8/14/2011,1,20,1,8,0,5,1,4,5,5,5,7,0,13,13,0,5,13,7,1,34,2,11,4,1,3,4,8,5,6,33,0,1
8/21/2011,1,15,0,9,0,9,3,0,3,8,7,8,0,20,13,1,0,15,6,1,27,0,13,1,0,3,9,12,4,5,26,0,3
8/28/2011,1,15,0,6,0,3,1,1,5,8,4,10,0,19,8,0,0,28,0,5,21,1,20,2,0,6,2,11,7,9,24,0,2
9/4/2011,1,24,0,12,0,5,3,1,2,5,1,6,0,21,9,1,1,23,0,6,24,2,12,1,2,1,7,9,10,5,17,0,0
9/11/2011,0,11,0,9,0,8,2,2,2,13,3,6,0,19,7,0,1,22,4,2,28,1,9,1,2,2,5,8,12,5,28,0,0
9/18/2011,0,15,0,9,0,6,2,2,3,8,4,5,0,28,14,0,1,29,5,2,33,0,19,2,2,6,12,8,8,6,20,0,1
9/25/2011,1,10,0,11,0,5,3,1,3,5,4,13,1,19,6,0,1,18,1,4,35,3,9,2,5,5,14,9,6,11,13,0,2
10/2/2011,0,12,0,15,0,3,7,1,2,9,11,8,0,18,11,0,0,16,4,10,19,2,7,1,1,1,19,9,2,2,19,0,7
10/9/2011,0,11,2,21,0,8,5,4,4,9,3,8,0,21,5,0,2,12,8,5,36,0,10,2,2,3,6,4,6,7,18,0,4
10/16/2011,0,11,0,13,0,2,0,4,6,11,3,14,0,32,10,0,2,26,5,4,23,2,17,0,2,3,6,14,2,7,15,0,5
10/23/2011,0,15,0,8,0,3,5,2,7,12,5,9,1,9,8,0,1,28,5,2,24,0,14,0,1,0,18,9,8,5,19,0,6
10/30/2011,1,11,1,20,0,2,5,2,2,9,9,4,0,21,3,0,0,33,14,1,33,1,12,0,0,3,9,16,3,2,17,0,0
11/6/2011,0,17,0,13,0,7,3,0,8,7,7,4,0,27,8,0,1,24,12,4,34,0,14,3,1,3,10,7,2,11,15,0,9
11/13/2011,0,7,1,14,0,4,5,1,9,5,13,5,2,20,8,0,5,23,14,6,31,0,14,1,1,2,8,13,2,9,15,0,8
11/20/2011,0,11,0,12,0,9,2,0,10,7,9,10,0,22,6,0,2,32,19,2,24,1,11,3,0,2,2,19,8,5,17,0,2
11/27/2011,0,7,0,11,0,11,5,0,17,12,14,4,2,15,5,0,3,43,24,2,22,1,7,1,3,4,2,14,9,7,22,0,2
12/4/2011,0,12,2,14,0,11,4,1,16,7,11,7,0,17,4,0,4,38,25,10,25,1,12,1,0,1,7,9,10,10,11,0,1
12/11/2011,0,5,0,24,0,7,6,0,11,4,8,3,0,16,6,0,2,29,32,4,44,0,17,1,1,3,11,14,9,7,11,0,1
12/18/2011,0,24,0,12,0,5,2,2,23,12,16,9,0,16,15,1,4,38,17,6,34,0,5,2,2,4,5,13,3,3,16,0,0
12/25/2011,0,14,2,20,0,3,0,1,9,11,17,8,0,18,8,0,5,46,12,6,30,0,12,9,0,1,1,20,2,13,21,0,2
1/1/2012,0,18,2,41,0,10,4,5,46,11,1,5,0,29,15,1,2,62,19,2,69,3,25,11,11,6,2,18,12,18,32,0,5
1/8/2012,0,17,2,40,0,8,4,3,56,12,3,11,1,31,23,1,2,62,13,5,90,0,22,8,7,3,0,22,12,23,28,0,5
1/15/2012,1,20,12,36,3,7,1,1,49,18,1,5,2,30,13,2,5,92,12,5,80,0,25,10,2,7,1,25,8,22,35,0,5
1/22/2012,0,17,6,43,2,7,5,0,61,19,2,9,1,18,16,4,5,91,14,6,88,2,21,11,10,6,1,15,12,25,40,0,0
1/29/2012,0,12,1,33,1,10,7,2,60,30,1,6,0,35,15,1,1,73,11,8,82,3,22,13,6,9,4,30,17,18,29,0,5
2/5/2012,1,13,3,37,2,10,6,2,56,26,1,7,0,32,9,3,1,102,13,10,115,0,29,14,3,8,2,26,13,16,35,1,4
2/12/2012,0,11,11,26,6,11,7,3,53,43,4,8,0,28,8,4,2,106,9,8,113,1,17,20,3,6,4,19,15,7,37,1,3
2/19/2012,0,14,3,21,2,8,4,6,85,33,5,10,1,28,11,1,5,117,8,5,119,3,28,20,8,14,0,17,9,17,37,0,9
2/26/2012,0,14,6,21,1,7,7,2,65,21,6,8,0,19,15,9,3,97,7,4,148,4,24,16,5,12,0,20,15,10,44,0,3
3/4/2012,2,23,7,15,3,5,2,1,48,33,2,7,0,25,15,5,2,117,5,1,145,2,27,9,6,8,1,20,14,11,53,0,1
3/11/2012,0,17,5,22,1,6,12,2,34,21,1,7,2,14,11,0,5,93,1,2,144,0,13,5,1,7,0,18,11,15,43,0,0
3/18/2012,0,20,7,11,0,9,4,2,43,23,4,4,0,7,15,0,2,120,4,0,152,3,22,7,5,10,0,13,10,15,40,0,1
3/25/2012,3,10,6,5,1,8,3,1,27,16,1,4,0,14,8,4,0,95,4,2,110,0,15,2,6,3,0,13,3,15,33,0,4
4/1/2012,1,25,2,9,1,2,4,1,21,25,5,6,0,9,9,5,0,126,2,5,64,1,19,4,1,6,0,18,9,20,35,0,1
4/8/2012,1,18,7,13,1,8,9,1,25,27,14,6,3,10,18,4,1,135,3,4,105,2,20,1,2,4,0,32,6,27,23,0,1
4/15/2012,0,28,5,11,1,6,1,4,32,25,23,6,1,15,10,12,5,138,6,3,94,0,16,5,2,7,1,15,4,14,40,0,1
4/22/2012,1,25,13,8,1,7,2,3,21,20,11,14,0,8,15,11,1,127,3,1,82,3,31,2,0,3,1,14,12,10,31,0,3
4/29/2012,1,22,9,18,0,5,2,2,24,33,10,19,1,20,21,15,3,109,2,4,93,1,37,2,1,9,0,29,10,9,21,0,1
5/6/2012,3,19,8,13,1,7,3,1,20,29,16,9,0,12,13,3,3,117,6,3,106,1,35,2,4,10,0,23,11,25,29,1,2
5/13/2012,1,20,5,11,0,7,4,0,14,22,6,8,0,14,6,3,2,128,2,6,95,2,40,2,2,2,0,27,10,21,32,0,3
5/20/2012,0,19,13,13,3,15,4,1,14,30,4,19,1,25,10,2,1,96,4,13,74,3,39,1,4,6,0,30,15,26,33,0,2
5/27/2012,1,18,32,14,0,24,6,0,10,33,31,18,2,30,5,2,3,116,11,7,94,2,44,2,2,5,0,34,24,30,17,0,5
6/3/2012,3,23,18,16,1,55,9,4,11,26,14,33,0,19,10,0,0,117,6,5,68,2,41,3,4,5,0,48,15,30,23,0,3
6/10/2012,0,19,24,12,0,30,7,1,11,34,8,33,1,19,12,2,1,123,8,5,63,0,46,0,5,5,0,42,13,27,29,0,3
6/17/2012,6,15,22,9,0,27,5,1,13,18,2,17,0,25,11,1,1,136,12,7,66,2,38,1,2,2,1,32,19,28,27,0,3
6/24/2012,3,23,12,16,0,31,4,1,7,25,0,26,0,23,7,1,2,108,5,9,70,0,36,0,2,2,0,44,13,28,28,0,1
7/1/2012,4,23,22,17,1,48,4,1,6,20,0,30,2,23,22,0,1,109,7,15,62,3,35,0,2,2,2,40,14,33,31,0,1
7/8/2012,1,17,12,18,0,33,3,1,9,15,1,24,1,27,21,0,4,118,12,10,54,3,33,1,0,3,0,40,13,41,28,0,6
7/15/2012,7,15,24,14,1,20,4,0,8,7,0,36,0,20,14,0,0,89,10,9,50,1,43,2,1,1,0,53,18,23,29,0,4
7/22/2012,2,27,8,13,1,32,3,1,5,9,0,52,2,24,12,0,0,65,4,17,45,3,25,1,3,4,0,45,15,38,37,0,2
7/29/2012,4,27,13,20,0,23,0,0,7,4,2,33,1,27,15,1,0,60,6,20,34,2,40,3,4,1,3,49,16,29,31,0,2
8/5/2012,1,29,8,8,0,32,4,1,4,5,3,50,0,23,10,0,2,52,0,10,41,3,44,0,0,6,0,41,17,25,13,0,6
8/12/2012,7,33,9,18,0,32,1,0,3,8,0,29,0,17,13,1,2,58,3,8,32,0,54,1,0,2,0,45,17,26,19,0,1
8/19/2012,4,34,17,9,0,29,1,3,5,4,2,34,4,26,19,0,1,51,2,6,31,3,36,2,3,2,0,47,19,32,26,0,0
8/26/2012,2,30,16,8,1,44,0,1,1,7,3,50,0,23,16,0,0,37,2,8,30,2,65,0,1,3,0,56,19,35,28,0,1
9/2/2012,1,34,7,12,1,38,2,0,3,7,0,48,0,22,16,1,1,32,4,6,17,1,54,0,2,4,0,45,23,42,31,0,0
9/9/2012,0,24,7,18,0,31,3,0,1,6,0,37,3,19,11,0,1,31,12,11,33,0,47,0,3,2,0,44,19,43,28,0,0
9/16/2012,3,26,4,18,0,31,2,1,2,7,1,44,1,22,26,0,1,38,8,9,28,1,47,1,0,1,0,58,19,36,38,0,2
9/23/2012,2,22,2,30,0,29,1,1,1,6,2,63,0,18,32,0,0,12,2,8,26,1,47,0,0,0,2,40,37,40,27,0,2
9/30/2012,3,22,4,21,0,33,1,2,4,4,2,99,2,18,14,0,0,21,9,11,24,2,44,0,2,2,1,44,19,24,34,0,0
10/7/2012,4,26,2,14,1,41,6,0,7,6,2,135,1,20,30,0,0,22,14,10,18,4,33,1,0,0,0,49,11,32,34,0,0
10/14/2012,3,36,3,27,0,34,9,0,5,11,0,147,1,25,25,0,2,14,14,11,24,1,27,2,2,3,0,40,21,32,32,0,0
10/21/2012,3,31,12,32,0,36,4,1,4,5,0,94,0,17,17,1,0,25,10,13,24,0,33,2,1,3,0,42,13,27,34,0,0
10/28/2012,2,17,11,23,0,29,5,0,6,10,2,93,1,23,21,0,2,14,16,16,24,0,46,2,0,6,0,50,15,36,33,0,0
11/4/2012,2,29,9,35,0,36,4,2,8,7,1,89,1,12,29,0,0,14,22,21,30,3,52,3,0,2,0,54,15,35,30,0,1
11/11/2012,0,26,8,19,0,29,11,0,4,9,0,111,0,12,16,0,1,10,23,21,32,0,51,2,1,6,0,67,28,37,43,0,0
11/18/2012,0,35,12,28,0,28,15,0,5,2,2,99,1,5,21,0,0,27,22,22,33,0,59,2,2,2,0,84,24,56,42,0,0
11/25/2012,1,38,9,30,0,33,12,1,4,6,4,64,1,12,11,1,1,20,24,18,28,0,69,5,1,3,0,80,18,42,44,0,0
12/2/2012,0,28,4,36,1,26,9,1,3,8,3,72,2,20,17,1,3,12,25,16,38,0,61,9,2,1,0,76,18,39,47,0,1
12/9/2012,1,34,13,53,1,34,7,2,8,9,6,64,0,16,15,0,3,21,26,21,45,7,59,5,2,1,1,100,23,43,40,0,0
12/16/2012,0,26,8,45,1,22,3,2,3,10,3,39,0,15,35,0,3,16,29,32,30,1,73,13,2,4,0,55,25,46,55,0,0
12/23/2012,0,21,4,47,0,23,5,1,3,11,0,49,0,9,27,0,2,14,26,16,22,2,51,11,1,2,0,46,23,34,55,0,1
12/30/2012,2,51,15,61,2,53,7,6,13,13,8,20,2,23,28,0,3,44,29,32,37,5,55,11,9,10,1,88,28,63,146,0,2
1/6/2013,5,69,22,83,3,67,7,9,4,16,2,23,2,21,41,0,8,41,31,26,49,6,50,7,16,6,1,93,25,56,152,0,3
1/13/2013,3,43,22,78,2,45,14,7,12,21,5,25,1,22,32,1,5,43,29,43,49,5,47,14,5,2,0,81,28,55,183,0,3
1/20/2013,5,55,24,92,2,63,11,7,12,30,7,30,2,29,40,0,2,43,27,29,60,4,56,14,8,4,0,87,25,56,160,0,4
1/27/2013,0,71,15,65,0,65,13,15,12,20,2,25,1,29,49,1,3,52,29,41,53,8,66,10,13,6,0,107,41,40,180,0,1
2/3/2013,2,62,13,83,2,64,11,12,8,25,7,28,1,21,29,0,5,57,35,35,62,8,62,16,12,5,2,85,32,46,174,0,3
2/10/2013,2,52,16,81,0,44,11,8,12,27,5,20,2,22,42,1,7,46,26,43,62,9,54,11,16,6,1,89,40,36,156,0,3
2/17/2013,3,72,13,98,0,63,14,16,11,29,5,30,2,38,45,0,6,35,32,28,68,9,63,11,12,7,1,94,42,49,208,0,3
2/24/2013,1,72,13,76,1,62,11,19,11,30,6,16,3,29,39,0,5,56,32,33,57,10,70,11,11,4,1,90,31,42,195,0,6
3/3/2013,2,61,18,88,4,67,14,15,7,26,7,32,0,17,35,1,3,46,37,38,66,9,58,13,16,4,1,96,38,69,185,0,4
3/10/2013,4,85,16,92,0,65,7,16,6,21,1,19,0,37,38,1,7,41,35,34,63,3,55,13,13,9,1,83,40,57,208,0,2
3/17/2013,2,66,24,82,3,73,11,15,4,27,4,23,1,26,41,1,8,52,26,36,61,8,53,8,11,1,0,97,36,67,199,0,4
3/24/2013,3,62,18,88,0,64,6,14,10,27,5,30,1,21,38,0,4,36,32,36,61,7,73,13,14,5,1,124,33,58,178,0,4
3/31/2013,4,91,25,100,1,76,12,9,13,26,8,31,1,32,49,0,5,55,42,52,78,10,75,7,17,9,2,132,49,95,289,0,5
4/7/2013,2,83,21,102,2,107,15,15,16,36,12,44,3,45,68,0,6,62,38,49,95,11,107,10,13,12,1,145,51,97,308,0,2
4/14/2013,4,98,20,128,2,105,21,18,16,34,12,46,1,53,63,1,10,69,51,47,81,10,79,15,16,7,0,169,53,78,333,0,5
4/21/2013,2,80,23,114,1,103,12,18,17,30,4,36,0,45,48,0,6,58,31,58,81,12,95,13,11,9,3,154,49,77,332,0,5
4/28/2013,2,68,31,102,4,107,11,18,16,26,6,39,2,41,61,1,12,74,38,40,96,9,96,12,16,6,2,136,54,85,295,0,4
5/5/2013,5,79,26,116,1,93,24,14,13,31,7,24,3,38,49,0,5,75,34,48,92,5,86,14,11,5,1,154,40,66,286,0,6
5/12/2013,6,90,25,105,2,83,14,20,22,31,5,36,3,37,56,2,8,49,48,58,86,12,61,15,19,6,1,145,51,82,274,0,4
5/19/2013,6,71,25,125,1,93,21,16,17,39,5,31,6,44,60,1,6,69,36,53,95,12,101,11,15,8,2,159,64,88,310,0,2
5/26/2013,4,93,24,125,4,86,13,13,22,31,12,23,4,43,75,1,2,65,43,42,78,12,74,20,13,6,2,132,40,80,327,0,4
6/2/2013,0,90,19,114,6,90,12,19,18,38,9,32,2,31,49,2,4,68,43,58,90,9,77,16,13,3,1,125,38,70,303,0,5
6/9/2013,2,93,28,131,3,96,18,15,9,31,9,31,5,43,46,0,4,60,43,46,73,3,80,14,15,10,3,132,47,83,293,0,7
6/16/2013,3,80,19,125,5,101,24,11,15,25,12,35,2,29,47,2,3,62,43,58,68,7,89,11,15,6,2,133,31,86,290,0,4
6/23/2013,3,69,22,116,3,72,12,8,10,30,13,24,1,28,52,0,6,43,40,44,76,10,84,14,13,8,0,140,52,81,285,0,6
6/30/2013,5,93,25,124,0,72,19,18,17,38,9,45,0,50,51,1,5,83,27,49,109,13,95,14,15,7,2,138,50,82,307,0,5
7/7/2013,1,117,18,132,2,119,16,15,18,28,7,32,3,49,48,0,3,49,41,44,81,7,93,14,10,19,1,133,54,84,312,0,6
7/14/2013,3,79,28,116,6,97,17,24,28,40,4,36,2,43,61,0,7,62,34,53,72,13,84,19,12,8,1,159,54,85,325,0,5
7/21/2013,3,60,38,109,0,85,7,12,12,27,4,36,3,43,56,1,12,52,48,49,88,6,83,13,14,5,1,145,52,75,256,0,3
7/28/2013,3,67,17,110,1,81,9,13,15,26,4,30,3,25,43,1,6,53,45,41,67,11,96,14,12,6,1,126,52,66,219,0,8
8/4/2013,5,73,21,105,1,51,14,8,16,19,6,33,3,32,34,1,7,39,31,44,64,7,76,11,13,7,1,130,41,63,236,0,3
8/11/2013,8,68,17,82,1,70,13,14,11,24,6,20,2,30,35,0,4,38,40,35,58,7,61,13,7,8,2,104,49,57,204,0,4
8/18/2013,2,77,12,92,6,78,6,18,13,32,4,24,1,34,42,0,4,42,32,37,57,8,71,10,15,4,1,109,51,68,210,0,6
8/25/2013,1,61,18,81,2,54,10,11,13,20,7,24,3,22,41,0,7,36,31,41,60,5,65,16,9,3,1,105,42,50,182,0,1
9/1/2013,0,61,18,113,1,58,13,12,15,18,3,28,3,24,35,1,6,40,35,33,70,7,71,5,11,10,0,115,31,51,171,0,3
9/8/2013,2,59,21,108,0,68,13,4,14,24,2,29,2,35,28,0,6,45,46,33,70,5,78,9,15,8,1,133,43,46,200,2,5
9/15/2013,2,64,22,101,2,88,11,11,15,24,5,21,3,15,35,0,10,47,45,39,65,9,70,5,18,6,0,119,51,69,192,0,5
9/22/2013,3,63,24,107,0,77,9,16,17,30,2,26,3,31,35,0,6,40,38,57,57,8,82,14,8,7,2,123,44,55,204,0,2
9/29/2013,6,84,21,129,0,74,16,12,8,23,3,35,2,28,36,0,4,55,34,32,69,8,90,9,8,6,3,111,44,65,203,0,2
10/6/2013,4,78,24,97,1,88,11,13,16,26,2,23,0,36,48,0,4,36,34,31,60,6,64,8,12,8,3,112,33,67,202,0,3
10/13/2013,2,69,12,128,1,78,12,13,15,28,6,21,2,29,45,0,4,40,34,56,64,8,79,16,17,6,3,127,54,77,227,0,6
10/20/2013,4,69,24,127,2,81,12,15,22,24,5,27,3,25,46,1,3,40,37,35,69,5,72,7,9,9,1,124,41,66,229,0,1
10/27/2013,3,66,19,115,3,86,8,11,16,28,2,28,3,31,38,0,3,52,39,50,68,9,75,7,9,7,2,115,33,60,204,0,4
11/3/2013,3,78,21,111,1,85,13,12,17,25,5,22,0,21,39,0,3,59,49,42,58,10,79,9,6,10,1,136,33,58,185,0,4
11/10/2013,5,66,25,103,2,86,13,15,14,39,7,21,1,35,61,0,3,39,46,44,58,5,91,8,10,13,3,162,44,64,208,0,5
11/17/2013,6,73,18,124,4,78,16,12,14,28,4,31,2,25,46,1,7,50,36,49,64,9,97,10,11,10,1,130,48,69,207,0,9
11/24/2013,2,68,21,104,1,77,10,15,15,30,0,30,3,35,33,1,4,43,33,37,46,6,65,7,7,10,0,140,36,56,209,0,7
12/1/2013,3,73,22,99,2,75,16,13,15,19,2,27,3,34,37,2,9,65,45,32,71,10,85,16,14,9,3,107,32,43,215,0,2
12/8/2013,2,60,23,114,3,87,10,8,10,33,7,19,1,24,43,1,5,44,47,46,65,5,88,6,14,6,0,128,39,49,216,0,3
12/15/2013,2,64,14,89,1,65,13,5,14,25,5,16,2,18,34,0,1,31,43,35,61,11,79,8,12,7,3,105,36,52,187,0,3
12/22/2013,3,60,9,64,0,54,10,11,10,18,4,19,1,18,23,0,1,28,30,39,56,6,51,8,8,11,0,91,30,52,161,1,6
12/29/2013,1,70,16,288,10,120,8,13,5,8,0,38,2,94,40,4,7,78,66,53,36,9,90,11,26,15,0,86,100,60,149,0,0
1/5/2014,3,91,13,254,9,118,9,13,3,14,3,40,3,98,66,1,12,79,62,51,48,7,109,18,41,10,0,85,79,95,138,0,4
1/12/2014,1,92,15,209,3,92,15,28,5,8,4,37,6,117,65,5,11,104,46,38,42,13,91,23,32,4,1,81,70,79,131,0,2
1/19/2014,8,103,16,198,5,108,7,20,9,17,5,39,5,133,49,3,9,126,56,30,49,10,106,22,31,5,0,75,56,70,162,0,2
1/26/2014,1,94,17,144,3,64,6,17,5,15,15,28,1,77,39,0,11,152,38,24,43,3,89,27,34,9,1,77,50,42,124,0,5
2/2/2014,2,65,15,118,2,68,8,17,14,10,6,24,3,79,29,1,6,145,36,16,56,5,104,36,34,13,1,83,55,35,143,0,5
2/9/2014,3,81,13,96,1,50,6,19,9,8,9,20,2,80,32,0,8,158,37,12,47,5,72,33,23,13,3,100,53,43,91,0,5
2/16/2014,2,56,21,95,0,45,10,20,10,14,6,22,7,66,49,4,8,130,34,18,57,10,99,13,31,10,0,101,40,41,126,0,5
2/23/2014,7,58,14,56,2,34,9,11,10,14,4,18,2,62,40,19,7,131,20,17,50,6,72,10,28,6,1,91,41,43,105,0,11
3/2/2014,4,44,21,59,3,25,12,26,8,15,8,19,4,48,42,8,24,119,17,16,47,10,64,19,33,14,1,86,37,43,115,0,6
3/9/2014,15,71,15,52,0,31,10,13,16,12,4,13,5,65,39,1,32,109,25,23,81,15,69,19,27,12,0,79,38,33,108,0,3
3/16/2014,4,41,16,54,2,23,17,12,18,18,5,17,2,47,33,2,32,105,17,16,51,9,84,17,26,7,2,78,33,48,112,0,1
3/23/2014,6,40,18,69,0,19,16,6,23,14,6,18,7,35,43,6,14,91,21,13,60,12,63,10,27,10,0,87,28,46,91,0,4
3/30/2014,3,52,15,41,1,24,19,12,12,25,7,23,3,47,52,5,9,115,15,9,53,11,85,19,28,5,1,126,33,50,119,0,13
4/6/2014,5,28,6,22,1,31,14,12,24,26,5,19,7,26,39,1,11,116,17,12,36,10,83,32,28,11,1,93,18,48,105,0,8
4/13/2014,5,44,11,34,3,12,21,12,18,18,3,20,8,30,38,1,8,109,13,4,45,12,86,12,30,15,1,93,19,29,89,0,9
4/20/2014,3,46,4,38,11,27,30,14,15,10,2,20,4,28,50,0,14,127,14,8,57,12,67,27,24,15,3,110,16,43,107,1,8
4/27/2014,10,63,13,34,2,20,20,14,31,17,4,14,2,36,50,1,13,108,12,8,66,5,88,24,25,9,0,94,11,47,100,0,6
5/4/2014,8,42,13,28,0,25,13,16,21,22,6,22,8,36,51,0,14,85,13,7,67,9,86,24,17,7,0,136,22,28,96,0,2
5/11/2014,3,37,10,27,1,45,15,13,21,24,4,28,4,36,33,1,13,97,6,9,56,19,66,20,22,5,0,101,19,23,107,0,1
5/18/2014,2,51,21,28,0,41,9,15,25,29,2,26,8,44,32,0,16,103,12,12,66,8,89,18,17,3,0,128,25,27,105,0,11
5/25/2014,2,38,16,24,3,31,5,14,18,19,0,26,2,43,45,1,12,84,14,8,66,8,65,18,15,5,0,91,27,26,86,0,0
6/1/2014,2,66,19,24,1,46,8,8,15,21,3,37,9,63,29,1,14,75,16,12,87,15,98,16,17,13,0,115,47,31,129,0,2
6/8/2014,4,68,16,31,0,61,8,6,25,26,3,36,11,58,46,0,18,68,23,5,60,14,98,21,24,9,0,121,30,42,122,0,2
6/15/2014,2,59,23,26,1,34,8,12,12,24,2,30,3,51,31,0,11,67,28,18,50,12,90,15,23,17,0,114,32,29,111,0,1
6/22/2014,4,78,20,44,3,37,2,17,16,15,4,35,1,57,48,3,12,39,19,6,54,16,77,5,25,15,0,90,40,44,95,0,2
6/29/2014,7,115,18,29,6,34,12,15,15,28,6,32,2,64,58,1,21,52,19,7,61,10,110,3,26,17,0,141,35,46,121,0,1
7/6/2014,10,102,21,47,6,35,18,15,15,16,1,26,4,81,45,2,15,62,17,10,65,8,102,1,36,16,0,160,37,48,122,0,3
7/13/2014,6,105,22,31,5,36,7,28,3,8,1,23,4,83,44,0,13,63,20,11,51,3,99,6,42,12,0,155,46,32,114,0,2
7/20/2014,6,128,15,43,3,28,13,29,6,14,2,16,7,70,30,0,24,66,19,6,65,1,90,3,54,12,0,149,49,30,128,0,4
7/27/2014,3,146,11,42,2,28,12,18,11,9,6,20,1,58,45,2,25,59,9,9,34,7,72,9,61,18,0,142,44,26,141,0,1
8/3/2014,3,152,13,35,1,21,5,20,5,6,7,20,3,57,37,1,16,47,14,10,38,5,88,3,49,8,0,117,40,30,114,0,3
8/10/2014,4,160,12,44,2,23,13,11,7,9,2,20,2,82,37,0,16,34,8,11,41,1,82,4,51,11,0,122,36,22,126,0,0
8/17/2014,8,125,11,44,1,36,5,13,7,5,3,23,4,105,26,0,15,38,11,4,44,4,75,1,35,15,0,111,42,33,118,0,0
8/24/2014,8,136,14,33,0,31,14,13,2,4,0,13,2,59,28,1,9,44,7,8,29,3,76,1,41,11,1,91,40,35,101,0,0
8/31/2014,5,159,8,31,0,26,3,13,9,4,4,33,4,99,26,0,3,42,10,14,29,7,66,5,53,19,0,113,48,32,118,0,1
9/7/2014,7,163,6,56,0,33,10,17,5,6,2,27,3,91,33,0,8,42,13,24,31,8,67,4,59,10,1,125,53,29,128,0,2
9/14/2014,7,163,13,83,1,49,6,21,4,3,5,40,2,69,36,0,8,44,15,17,40,7,50,6,55,22,3,104,57,38,94,0,0
9/21/2014,5,137,4,93,0,49,9,11,3,2,3,28,2,71,37,2,3,24,14,19,40,4,53,1,54,21,1,86,57,28,102,0,1
9/28/2014,6,116,6,88,0,36,8,16,5,1,3,27,6,88,44,1,7,27,22,13,41,11,57,1,52,18,0,107,69,29,118,0,0
10/5/2014,2,132,6,115,1,40,4,18,2,3,3,29,1,97,45,3,1,40,15,17,29,4,61,2,48,21,0,71,63,40,84,0,0
10/12/2014,3,93,3,145,4,27,8,12,7,2,3,22,0,87,61,1,1,35,23,14,27,21,68,1,39,25,0,103,83,38,99,0,0
10/19/2014,2,122,5,138,5,28,8,11,4,5,2,37,3,52,66,0,2,25,27,20,29,21,73,3,36,10,1,102,103,40,98,0,1
10/26/2014,0,104,2,149,1,35,5,9,4,3,2,25,2,50,46,0,1,25,24,16,27,13,59,1,39,11,1,54,74,36,80,0,1
11/2/2014,0,88,6,99,0,27,2,15,4,2,2,27,4,55,35,0,5,21,27,13,25,12,68,2,37,15,1,70,37,39,81,0,0
11/9/2014,0,72,2,101,1,26,1,4,1,1,2,29,3,36,52,0,1,28,21,19,21,18,64,0,42,12,3,75,45,34,97,0,0
11/16/2014,0,88,9,93,1,12,6,18,1,0,4,32,2,59,59,1,2,34,17,15,22,11,58,0,20,12,1,56,48,29,74,0,0
11/23/2014,1,62,2,62,2,21,3,17,1,2,2,48,0,23,48,1,4,30,17,16,24,6,55,1,22,16,4,51,37,34,91,0,0
11/30/2014,2,90,0,77,2,17,12,20,5,0,3,27,2,33,42,1,2,55,11,14,18,13,36,0,18,13,2,68,45,37,109,0,0
12/7/2014,3,90,4,76,1,31,10,13,6,2,2,22,5,34,66,1,0,61,12,18,10,6,70,0,17,19,4,75,40,40,105,0,0
12/14/2014,4,106,2,52,2,17,9,17,6,4,3,31,0,19,53,0,0,56,13,11,21,10,40,1,21,9,2,53,28,46,118,0,0
12/21/2014,0,99,7,68,3,20,12,12,2,4,3,18,3,22,52,0,0,55,15,15,29,5,38,0,21,10,0,41,17,45,114,0,0
12/28/2014,1,137,4,53,2,24,9,14,6,2,5,14,2,21,58,0,0,90,13,11,31,6,26,0,15,11,2,49,23,55,115,0,1
